item_key,項目,分類,単位,信頼度,成人男_赤,成人男_緑,成人女_赤,成人女_緑,Jr男_赤,Jr男_緑,Jr女_赤,Jr女_緑,根拠メモ
abj,ABJ（腕振りあり）,ジャンプ,cm,指定値＋係数,39,55,30,43,33,47,27,39,成人男性は中務さんの指定値。女性=×0.78、Jr男=成人男×0.85、Jr女=成人女×0.90
cmj,CMJ（反動あり・腕振りなし）,ジャンプ,cm,指定値＋係数,35,49,27,38,30,42,24,34,成人男性はABJの10%減（指定ルール）。伸張反射の活用度を見る
sqj,SQJ（反動なし）,ジャンプ,cm,指定値＋係数,31,44,24,34,26,37,22,30,成人男性はCMJのさらに10%減（指定ルール）。筋力由来の跳躍力を見る
sl_cmj,SLCMJ（片脚・絶対値）,ジャンプ,cm,仮置き,17,24,13,19,15,21,12,17,両脚CMJの緑ラインの約半分。対CMJ比の判定とは別に絶対値でも見る。左右それぞれに適用
hop_rsi,ホップテスト（RSI）,ジャンプ,RSI,指定値＋係数,1.89,2.6,1.49,2.1,1.59,2.2,1.39,1.9,両足実施。成人男性は指定値。女性=×0.80。3.1以上は緑のまま「非常に良い」と表示
drop_rsi,ドロップジャンプ（RSI）,ジャンプ,RSI,指定値＋係数,1.89,2.6,1.49,2.1,1.59,2.2,1.39,1.9,ホップと同基準。両者の差が15%以上でフラグ
ab30s,30秒腹筋,筋力・体幹部,回,仮置き,20,28,16,24,17,25,14,22,60秒腹筋の一般基準を30秒に換算。体幹持久は男女差が小さいため係数0.90
pl_basic,PLベーシック,筋力・体幹部,回,仮置き,14,25,12,22,12,22,10,20,3種目通算・30回満点。満点を基準に按分したNeeDS独自基準
pushup,プッシュアップ,筋力・体幹部,回,仮置き,20,35,10,20,14,25,7,15,成人の一般基準（男性20代で平均17〜29回）を参考に、アスリート想定でやや高め
chinup,懸垂,筋力・上半身,回,仮置き,5,12,1,5,3,9,0,3,自体重種目のため体重比の影響が大きい。女性は0回が珍しくないため下限を低く設定
bp_1rm,ベンチプレス 1RM,筋力・上半身,体重比,指定値＋係数,0.8,1.21,0.52,0.79,0.56,0.85,0.36,0.55,成人男性は指定値。女性=上半身係数0.65、ジュニア=0.70
sq_1rm,スクワット 1RM,筋力・下半身,体重比,仮置き,1.2,1.75,0.96,1.4,0.84,1.23,0.67,0.98,一般基準で成人男性の中級が体重比1.5倍・上級2.0倍。女性=下半身係数0.80
dl_1rm,デッドリフト 1RM,筋力・下半身,体重比,仮置き,1.5,2.0,1.2,1.6,1.05,1.4,0.84,1.12,一般基準で成人男性の中級が体重比2.0倍。ジュニアの実施可否は現場判断
sl_sq,SLスクワット,筋力・下半身,回,仮置き,5,12,4,10,4,10,3,8,左右それぞれに適用。左右差10%以上でフラグ
sl_stance,片脚立位,バランス,秒,要確認（文献なし）,29,60,29,60,29,60,29,60,NeeDS独自。60秒上限と仮定。いまは男女・年代差をつけていない
ground_touch_bal,地面タッチ（バランス）,バランス,回,要確認（文献なし）,5,10,5,9,4,9,4,8,NeeDS独自。制限時間内の回数と仮定した仮置き。左右それぞれに適用
